{"v":"5.5.10","fr":25,"ip":0,"op":75,"w":360,"h":360,"nm":"2","ddd":0,"assets":[{"id":"comp_0","layers":[{"ddd":0,"ind":1,"ty":3,"nm":"NULL CONTROL","sr":1,"ks":{"o":{"a":0,"k":0,"ix":11},"r":{"a":1,"k":[{"i":{"x":[0.47],"y":[1]},"o":{"x":[0.53],"y":[0]},"t":0,"s":[0]},{"t":49,"s":[360]}],"ix":10},"p":{"a":0,"k":[180.107,179.927,0],"ix":2},"a":{"a":0,"k":[60,60,0],"ix":1},"s":{"a":0,"k":[107,107,100],"ix":6}},"ao":0,"ip":0,"op":125,"st":0,"bm":0},{"ddd":0,"ind":2,"ty":4,"nm":"Layer 41 Outlines - Group 2","parent":1,"sr":1,"ks":{"o":{"a":0,"k":100,"ix":11},"r":{"a":0,"k":0,"ix":10},"p":{"a":0,"k":[107.11,116.158,0],"ix":2},"a":{"a":0,"k":[69.531,80.983,0],"ix":1},"s":{"a":0,"k":[216,216,100],"ix":6}},"ao":0,"shapes":[{"ty":"gr","it":[{"ind":0,"ty":"sh","ix":1,"ks":{"a":0,"k":{"i":[[1.503,0],[0,-1.502],[20.6,-2.663],[0,0],[1.063,1.062],[1.061,-1.063],[0,0],[-1.063,-1.061],[0,0],[-0.697,0],[-0.529,0.531],[1.063,1.061],[0,0],[0,24.198],[0,0]],"o":[[-1.502,0],[0,21.316],[0,0],[1.063,-1.061],[-1.062,-1.063],[0,0],[-1.063,1.061],[0,0],[0.53,0.531],[0.696,0],[1.063,-1.062],[0,0],[23.438,-2.854],[0,0],[0,-1.502]],"v":[[22.974,-28.66],[20.254,-25.904],[-16.319,15.717],[-13.104,12.5],[-13.104,8.654],[-16.95,8.654],[-24.632,16.336],[-24.632,20.181],[-16.95,27.863],[-15.026,28.66],[-13.104,27.863],[-13.104,24.017],[-15.965,21.155],[25.694,-25.904],[25.694,-25.975]],"c":true},"ix":2},"nm":"Path 1","mn":"ADBE Vector Shape - Group","hd":false},{"ty":"fl","c":{"a":0,"k":[0.125,0.172999991623,0.620000023935,1],"ix":4},"o":{"a":0,"k":100,"ix":5},"r":1,"bm":0,"nm":"Fill 1","mn":"ADBE Vector Graphic - Fill","hd":false},{"ty":"tr","p":{"a":0,"k":[69.398,80.983],"ix":2},"a":{"a":0,"k":[0,0],"ix":1},"s":{"a":0,"k":[100,100],"ix":3},"r":{"a":0,"k":0,"ix":6},"o":{"a":0,"k":100,"ix":7},"sk":{"a":0,"k":0,"ix":4},"sa":{"a":0,"k":0,"ix":5},"nm":"Transform"}],"nm":"Group 2","np":2,"cix":2,"bm":0,"ix":1,"mn":"ADBE Vector Group","hd":false}],"ip":0,"op":125,"st":0,"bm":0},{"ddd":0,"ind":3,"ty":4,"nm":"Layer 41 Outlines - Group 4","parent":1,"sr":1,"ks":{"o":{"a":0,"k":100,"ix":11},"r":{"a":0,"k":0,"ix":10},"p":{"a":0,"k":[84.994,-33.292,0],"ix":2},"a":{"a":0,"k":[59.292,11.793,0],"ix":1},"s":{"a":0,"k":[216,216,100],"ix":6}},"ao":0,"shapes":[{"ty":"gr","it":[{"ind":0,"ty":"sh","ix":1,"ks":{"a":0,"k":{"i":[[-1.45,-0.395],[0,0],[-0.221,0],[-0.313,1.232],[1.455,0.369],[0,0],[0.395,-1.45]],"o":[[0,0],[0.226,0.057],[1.217,0],[0.369,-1.456],[0,0],[-1.449,-0.393],[-0.393,1.449]],"v":[[-0.776,2.755],[-0.592,2.803],[0.077,2.887],[2.714,0.835],[0.746,-2.47],[0.65,-2.495],[-2.689,-0.582]],"c":true},"ix":2},"nm":"Path 1","mn":"ADBE Vector Shape - Group","hd":false},{"ty":"fl","c":{"a":0,"k":[0.125,0.172999991623,0.620000023935,1],"ix":4},"o":{"a":0,"k":100,"ix":5},"r":1,"bm":0,"nm":"Fill 1","mn":"ADBE Vector Graphic - Fill","hd":false},{"ty":"tr","p":{"a":0,"k":[59.242,11.743],"ix":2},"a":{"a":0,"k":[0,0],"ix":1},"s":{"a":1,"k":[{"i":{"x":[0.315,0.315],"y":[1,1]},"o":{"x":[0.27,0.27],"y":[0,0]},"t":11,"s":[0,0]},{"i":{"x":[0.729,0.729],"y":[1,1]},"o":{"x":[0.68,0.68],"y":[0,0]},"t":26,"s":[100,100]},{"t":42,"s":[0,0]}],"ix":3},"r":{"a":0,"k":0,"ix":6},"o":{"a":0,"k":100,"ix":7},"sk":{"a":0,"k":0,"ix":4},"sa":{"a":0,"k":0,"ix":5},"nm":"Transform"}],"nm":"Group 4","np":2,"cix":2,"bm":0,"ix":1,"mn":"ADBE Vector Group","hd":false}],"ip":0,"op":125,"st":0,"bm":0},{"ddd":0,"ind":4,"ty":4,"nm":"Layer 41 Outlines - Group 3","parent":1,"sr":1,"ks":{"o":{"a":0,"k":100,"ix":11},"r":{"a":0,"k":0,"ix":10},"p":{"a":0,"k":[108.341,-23.731,0],"ix":2},"a":{"a":0,"k":[70.101,16.22,0],"ix":1},"s":{"a":0,"k":[216,216,100],"ix":6}},"ao":0,"shapes":[{"ty":"gr","it":[{"ind":0,"ty":"sh","ix":1,"ks":{"a":0,"k":{"i":[[-1.304,-0.745],[-0.468,0],[-0.506,0.864],[1.296,0.761],[0,0],[0.747,-1.305]],"o":[[0.433,0.255],[0.934,0],[0.762,-1.294],[0,0],[-1.304,-0.742],[-0.744,1.304]],"v":[[-1.339,2.573],[0.036,2.948],[2.383,1.604],[1.415,-2.117],[1.263,-2.206],[-2.401,-1.165]],"c":true},"ix":2},"nm":"Path 1","mn":"ADBE Vector Shape - Group","hd":false},{"ty":"fl","c":{"a":0,"k":[0.125,0.172999991623,0.620000023935,1],"ix":4},"o":{"a":0,"k":100,"ix":5},"r":1,"bm":0,"nm":"Fill 1","mn":"ADBE Vector Graphic - Fill","hd":false},{"ty":"tr","p":{"a":0,"k":[70.051,16.17],"ix":2},"a":{"a":0,"k":[0,0],"ix":1},"s":{"a":1,"k":[{"i":{"x":[0.315,0.315],"y":[1,1]},"o":{"x":[0.27,0.27],"y":[0,0]},"t":9,"s":[0,0]},{"i":{"x":[0.729,0.729],"y":[1,1]},"o":{"x":[0.68,0.68],"y":[0,0]},"t":24,"s":[100,100]},{"t":40,"s":[0,0]}],"ix":3},"r":{"a":0,"k":0,"ix":6},"o":{"a":0,"k":100,"ix":7},"sk":{"a":0,"k":0,"ix":4},"sa":{"a":0,"k":0,"ix":5},"nm":"Transform"}],"nm":"Group 3","np":2,"cix":2,"bm":0,"ix":1,"mn":"ADBE Vector Group","hd":false}],"ip":0,"op":125,"st":0,"bm":0},{"ddd":0,"ind":5,"ty":4,"nm":"Layer 41 Outlines - Group 6","parent":1,"sr":1,"ks":{"o":{"a":0,"k":100,"ix":11},"r":{"a":0,"k":0,"ix":10},"p":{"a":0,"k":[128.271,-8.252,0],"ix":2},"a":{"a":0,"k":[79.328,23.386,0],"ix":1},"s":{"a":0,"k":[216,216,100],"ix":6}},"ao":0,"shapes":[{"ty":"gr","it":[{"ind":0,"ty":"sh","ix":1,"ks":{"a":0,"k":{"i":[[0,0],[-0.697,0],[-0.529,0.531],[1.064,1.062],[0,0],[1.062,-1.063],[-1.062,-1.061]],"o":[[0.531,0.531],[0.695,0],[1.064,-1.062],[0,0],[-1.061,-1.063],[-1.062,1.062],[0,0]],"v":[[-1.872,2.108],[0.051,2.904],[1.973,2.108],[1.973,-1.739],[1.873,-1.841],[-1.975,-1.841],[-1.975,2.005]],"c":true},"ix":2},"nm":"Path 1","mn":"ADBE Vector Shape - Group","hd":false},{"ty":"fl","c":{"a":0,"k":[0.125,0.172999991623,0.620000023935,1],"ix":4},"o":{"a":0,"k":100,"ix":5},"r":1,"bm":0,"nm":"Fill 1","mn":"ADBE Vector Graphic - Fill","hd":false},{"ty":"tr","p":{"a":0,"k":[79.278,23.336],"ix":2},"a":{"a":0,"k":[0,0],"ix":1},"s":{"a":1,"k":[{"i":{"x":[0.315,0.315],"y":[1,1]},"o":{"x":[0.27,0.27],"y":[0,0]},"t":7,"s":[0,0]},{"i":{"x":[0.729,0.729],"y":[1,1]},"o":{"x":[0.68,0.68],"y":[0,0]},"t":22,"s":[100,100]},{"t":38,"s":[0,0]}],"ix":3},"r":{"a":0,"k":0,"ix":6},"o":{"a":0,"k":100,"ix":7},"sk":{"a":0,"k":0,"ix":4},"sa":{"a":0,"k":0,"ix":5},"nm":"Transform"}],"nm":"Group 6","np":2,"cix":2,"bm":0,"ix":1,"mn":"ADBE Vector Group","hd":false}],"ip":0,"op":125,"st":0,"bm":0},{"ddd":0,"ind":6,"ty":4,"nm":"Layer 41 Outlines - Group 7","parent":1,"sr":1,"ks":{"o":{"a":0,"k":100,"ix":11},"r":{"a":0,"k":0,"ix":10},"p":{"a":0,"k":[143.624,11.598,0],"ix":2},"a":{"a":0,"k":[86.435,32.576,0],"ix":1},"s":{"a":0,"k":[216,216,100],"ix":6}},"ao":0,"shapes":[{"ty":"gr","it":[{"ind":0,"ty":"sh","ix":1,"ks":{"a":0,"k":{"i":[[0,0],[-0.926,0],[-0.436,0.262],[0.771,1.29],[0,0],[1.303,-0.746],[-0.744,-1.305]],"o":[[0.508,0.854],[0.475,0],[1.292,-0.769],[0,0],[-0.746,-1.305],[-1.306,0.746],[0,0]],"v":[[-2.299,1.649],[0.038,2.977],[1.429,2.591],[2.371,-1.138],[2.326,-1.217],[-1.384,-2.23],[-2.399,1.482]],"c":true},"ix":2},"nm":"Path 1","mn":"ADBE Vector Shape - Group","hd":false},{"ty":"fl","c":{"a":0,"k":[0.125,0.172999991623,0.620000023935,1],"ix":4},"o":{"a":0,"k":100,"ix":5},"r":1,"bm":0,"nm":"Fill 1","mn":"ADBE Vector Graphic - Fill","hd":false},{"ty":"tr","p":{"a":0,"k":[86.385,32.526],"ix":2},"a":{"a":0,"k":[0,0],"ix":1},"s":{"a":1,"k":[{"i":{"x":[0.315,0.315],"y":[1,1]},"o":{"x":[0.27,0.27],"y":[0,0]},"t":5,"s":[0,0]},{"i":{"x":[0.729,0.729],"y":[1,1]},"o":{"x":[0.68,0.68],"y":[0,0]},"t":20,"s":[100,100]},{"t":36,"s":[0,0]}],"ix":3},"r":{"a":0,"k":0,"ix":6},"o":{"a":0,"k":100,"ix":7},"sk":{"a":0,"k":0,"ix":4},"sa":{"a":0,"k":0,"ix":5},"nm":"Transform"}],"nm":"Group 7","np":2,"cix":2,"bm":0,"ix":1,"mn":"ADBE Vector Group","hd":false}],"ip":0,"op":125,"st":0,"bm":0},{"ddd":0,"ind":7,"ty":4,"nm":"Layer 41 Outlines - Group 5","parent":1,"sr":1,"ks":{"o":{"a":0,"k":100,"ix":11},"r":{"a":0,"k":0,"ix":10},"p":{"a":0,"k":[153.278,34.96,0],"ix":2},"a":{"a":0,"k":[90.905,43.392,0],"ix":1},"s":{"a":0,"k":[216,216,100],"ix":6}},"ao":0,"shapes":[{"ty":"gr","it":[{"ind":0,"ty":"sh","ix":1,"ks":{"a":0,"k":{"i":[[-0.393,-1.451],[0,0],[-1.198,0],[-0.239,0.065],[0.395,1.45],[0,0],[1.45,-0.391]],"o":[[0,0],[0.329,1.211],[0.235,0],[1.449,-0.394],[0,0],[-0.393,-1.449],[-1.449,0.393]],"v":[[-2.645,0.791],[-2.607,0.931],[0.017,2.938],[0.731,2.843],[2.643,-0.495],[2.605,-0.634],[-0.732,-2.547]],"c":true},"ix":2},"nm":"Path 1","mn":"ADBE Vector Shape - Group","hd":false},{"ty":"fl","c":{"a":0,"k":[0.125,0.172999991623,0.620000023935,1],"ix":4},"o":{"a":0,"k":100,"ix":5},"r":1,"bm":0,"nm":"Fill 1","mn":"ADBE Vector Graphic - Fill","hd":false},{"ty":"tr","p":{"a":0,"k":[90.855,43.342],"ix":2},"a":{"a":0,"k":[0,0],"ix":1},"s":{"a":1,"k":[{"i":{"x":[0.315,0.315],"y":[1,1]},"o":{"x":[0.27,0.27],"y":[0,0]},"t":3,"s":[0,0]},{"i":{"x":[0.729,0.729],"y":[1,1]},"o":{"x":[0.68,0.68],"y":[0,0]},"t":18,"s":[100,100]},{"t":34,"s":[0,0]}],"ix":3},"r":{"a":0,"k":0,"ix":6},"o":{"a":0,"k":100,"ix":7},"sk":{"a":0,"k":0,"ix":4},"sa":{"a":0,"k":0,"ix":5},"nm":"Transform"}],"nm":"Group 5","np":2,"cix":2,"bm":0,"ix":1,"mn":"ADBE Vector Group","hd":false}],"ip":0,"op":125,"st":0,"bm":0},{"ddd":0,"ind":8,"ty":4,"nm":"Layer 41 Outlines - Group 8","parent":1,"sr":1,"ks":{"o":{"a":0,"k":100,"ix":11},"r":{"a":0,"k":0,"ix":10},"p":{"a":0,"k":[12.675,4.254,0],"ix":2},"a":{"a":0,"k":[25.811,29.176,0],"ix":1},"s":{"a":0,"k":[216,216,100],"ix":6}},"ao":0,"shapes":[{"ty":"gr","it":[{"ind":0,"ty":"sh","ix":1,"ks":{"a":0,"k":{"i":[[0,1.503],[-20.602,2.662],[0,0],[-1.062,-1.062],[-0.695,0],[-0.532,0.532],[0,0],[1.063,1.062],[0,0],[1.061,-1.063],[-1.062,-1.062],[0,0],[0,-24.196],[0,0],[-1.502,0]],"o":[[0,-21.314],[0,0],[-1.062,1.061],[0.532,0.532],[0.696,0],[0,0],[1.063,-1.062],[0,0],[-1.061,-1.063],[-1.062,1.062],[0,0],[-23.438,2.855],[0,0],[0,1.501],[1.502,0]],"v":[[-20.254,26.036],[16.32,-15.584],[13.103,-12.367],[13.103,-8.521],[15.026,-7.724],[16.95,-8.521],[24.631,-16.202],[24.631,-20.049],[16.95,-27.73],[13.103,-27.73],[13.103,-23.883],[15.964,-21.023],[-25.694,26.036],[-25.694,26.109],[-22.974,28.793]],"c":true},"ix":2},"nm":"Path 1","mn":"ADBE Vector Shape - Group","hd":false},{"ty":"fl","c":{"a":0,"k":[0.969000004787,0.74900004069,0.195999998205,1],"ix":4},"o":{"a":0,"k":100,"ix":5},"r":1,"bm":0,"nm":"Fill 1","mn":"ADBE Vector Graphic - Fill","hd":false},{"ty":"tr","p":{"a":0,"k":[25.944,29.043],"ix":2},"a":{"a":0,"k":[0,0],"ix":1},"s":{"a":0,"k":[100,100],"ix":3},"r":{"a":0,"k":0,"ix":6},"o":{"a":0,"k":100,"ix":7},"sk":{"a":0,"k":0,"ix":4},"sa":{"a":0,"k":0,"ix":5},"nm":"Transform"}],"nm":"Group 8","np":2,"cix":2,"bm":0,"ix":1,"mn":"ADBE Vector Group","hd":false}],"ip":0,"op":125,"st":0,"bm":0},{"ddd":0,"ind":9,"ty":4,"nm":"Layer 41 Outlines - Group 11","parent":1,"sr":1,"ks":{"o":{"a":0,"k":100,"ix":11},"r":{"a":0,"k":0,"ix":10},"p":{"a":0,"k":[-33.278,85.03,0],"ix":2},"a":{"a":0,"k":[4.536,66.572,0],"ix":1},"s":{"a":0,"k":[216,216,100],"ix":6}},"ao":0,"shapes":[{"ty":"gr","it":[{"ind":0,"ty":"sh","ix":1,"ks":{"a":0,"k":{"i":[[0.395,1.45],[0,0],[1.451,-0.39],[-0.394,-1.45],[0,0],[-1.198,0],[-0.237,0.063]],"o":[[0,0],[-0.393,-1.45],[-1.45,0.394],[0,0],[0.329,1.211],[0.235,0],[1.451,-0.394]],"v":[[2.644,-0.495],[2.605,-0.635],[-0.731,-2.548],[-2.645,0.79],[-2.606,0.93],[0.017,2.938],[0.73,2.843]],"c":true},"ix":2},"nm":"Path 1","mn":"ADBE Vector Shape - Group","hd":false},{"ty":"fl","c":{"a":0,"k":[0.969000004787,0.74900004069,0.195999998205,1],"ix":4},"o":{"a":0,"k":100,"ix":5},"r":1,"bm":0,"nm":"Fill 1","mn":"ADBE Vector Graphic - Fill","hd":false},{"ty":"tr","p":{"a":0,"k":[4.486,66.522],"ix":2},"a":{"a":0,"k":[0,0],"ix":1},"s":{"a":1,"k":[{"i":{"x":[0.315,0.315],"y":[1,1]},"o":{"x":[0.27,0.27],"y":[0,0]},"t":3,"s":[0,0]},{"i":{"x":[0.73,0.73],"y":[1,1]},"o":{"x":[0.68,0.68],"y":[0,0]},"t":18,"s":[100,100]},{"t":34,"s":[0,0]}],"ix":3},"r":{"a":0,"k":0,"ix":6},"o":{"a":0,"k":100,"ix":7},"sk":{"a":0,"k":0,"ix":4},"sa":{"a":0,"k":0,"ix":5},"nm":"Transform"}],"nm":"Group 11","np":2,"cix":2,"bm":0,"ix":1,"mn":"ADBE Vector Group","hd":false}],"ip":0,"op":125,"st":0,"bm":0},{"ddd":0,"ind":10,"ty":4,"nm":"Layer 41 Outlines - Group 12","parent":1,"sr":1,"ks":{"o":{"a":0,"k":100,"ix":11},"r":{"a":0,"k":0,"ix":10},"p":{"a":0,"k":[-23.622,108.196,0],"ix":2},"a":{"a":0,"k":[9.007,77.297,0],"ix":1},"s":{"a":0,"k":[216,216,100],"ix":6}},"ao":0,"shapes":[{"ty":"gr","it":[{"ind":0,"ty":"sh","ix":1,"ks":{"a":0,"k":{"i":[[0,0],[1.292,-0.771],[-0.771,-1.289],[0,0],[-0.943,0],[-0.426,0.243],[0.746,1.304]],"o":[[-0.77,-1.291],[-1.29,0.77],[0,0],[0.502,0.878],[0.459,0],[1.304,-0.745],[0,0]],"v":[[2.299,-1.263],[-1.432,-2.204],[-2.372,1.523],[-2.326,1.606],[0.036,2.975],[1.385,2.617],[2.398,-1.094]],"c":true},"ix":2},"nm":"Path 1","mn":"ADBE Vector Shape - Group","hd":false},{"ty":"fl","c":{"a":0,"k":[0.969000004787,0.74900004069,0.195999998205,1],"ix":4},"o":{"a":0,"k":100,"ix":5},"r":1,"bm":0,"nm":"Fill 1","mn":"ADBE Vector Graphic - Fill","hd":false},{"ty":"tr","p":{"a":0,"k":[8.957,77.247],"ix":2},"a":{"a":0,"k":[0,0],"ix":1},"s":{"a":1,"k":[{"i":{"x":[0.315,0.315],"y":[1,1]},"o":{"x":[0.27,0.27],"y":[0,0]},"t":5,"s":[0,0]},{"i":{"x":[0.73,0.73],"y":[1,1]},"o":{"x":[0.68,0.68],"y":[0,0]},"t":20,"s":[100,100]},{"t":36,"s":[0,0]}],"ix":3},"r":{"a":0,"k":0,"ix":6},"o":{"a":0,"k":100,"ix":7},"sk":{"a":0,"k":0,"ix":4},"sa":{"a":0,"k":0,"ix":5},"nm":"Transform"}],"nm":"Group 12","np":2,"cix":2,"bm":0,"ix":1,"mn":"ADBE Vector Group","hd":false}],"ip":0,"op":125,"st":0,"bm":0},{"ddd":0,"ind":11,"ty":4,"nm":"Layer 41 Outlines - Group 13","parent":1,"sr":1,"ks":{"o":{"a":0,"k":100,"ix":11},"r":{"a":0,"k":0,"ix":10},"p":{"a":0,"k":[-8.27,128.304,0],"ix":2},"a":{"a":0,"k":[16.114,86.606,0],"ix":1},"s":{"a":0,"k":[216,216,100],"ix":6}},"ao":0,"shapes":[{"ty":"gr","it":[{"ind":0,"ty":"sh","ix":1,"ks":{"a":0,"k":{"i":[[0,0],[1.061,-1.063],[-1.063,-1.061],[0,0],[-0.696,0],[-0.532,0.53],[1.061,1.063]],"o":[[-1.062,-1.063],[-1.063,1.062],[0,0],[0.531,0.53],[0.696,0],[1.061,-1.063],[0,0]],"v":[[1.872,-1.841],[-1.974,-1.841],[-1.974,2.004],[-1.872,2.108],[0.051,2.904],[1.976,2.108],[1.976,-1.74]],"c":true},"ix":2},"nm":"Path 1","mn":"ADBE Vector Shape - Group","hd":false},{"ty":"fl","c":{"a":0,"k":[0.969000004787,0.74900004069,0.195999998205,1],"ix":4},"o":{"a":0,"k":100,"ix":5},"r":1,"bm":0,"nm":"Fill 1","mn":"ADBE Vector Graphic - Fill","hd":false},{"ty":"tr","p":{"a":0,"k":[16.064,86.556],"ix":2},"a":{"a":0,"k":[0,0],"ix":1},"s":{"a":1,"k":[{"i":{"x":[0.315,0.315],"y":[1,1]},"o":{"x":[0.27,0.27],"y":[0,0]},"t":7,"s":[0,0]},{"i":{"x":[0.73,0.73],"y":[1,1]},"o":{"x":[0.68,0.68],"y":[0,0]},"t":22,"s":[100,100]},{"t":38,"s":[0,0]}],"ix":3},"r":{"a":0,"k":0,"ix":6},"o":{"a":0,"k":100,"ix":7},"sk":{"a":0,"k":0,"ix":4},"sa":{"a":0,"k":0,"ix":5},"nm":"Transform"}],"nm":"Group 13","np":2,"cix":2,"bm":0,"ix":1,"mn":"ADBE Vector Group","hd":false}],"ip":0,"op":125,"st":0,"bm":0},{"ddd":0,"ind":12,"ty":4,"nm":"Layer 41 Outlines - Group 10","parent":1,"sr":1,"ks":{"o":{"a":0,"k":100,"ix":11},"r":{"a":0,"k":0,"ix":10},"p":{"a":0,"k":[11.662,143.517,0],"ix":2},"a":{"a":0,"k":[25.342,93.649,0],"ix":1},"s":{"a":0,"k":[216,216,100],"ix":6}},"ao":0,"shapes":[{"ty":"gr","it":[{"ind":0,"ty":"sh","ix":1,"ks":{"a":0,"k":{"i":[[1.304,0.746],[0.761,-1.297],[-1.295,-0.761],[0,0],[-0.444,0],[-0.506,0.886]],"o":[[-1.294,-0.763],[-0.761,1.294],[0,0],[0.419,0.24],[0.937,0],[0.745,-1.304]],"v":[[1.34,-2.185],[-2.385,-1.215],[-1.417,2.507],[-1.263,2.595],[0.049,2.947],[2.401,1.556]],"c":true},"ix":2},"nm":"Path 1","mn":"ADBE Vector Shape - Group","hd":false},{"ty":"fl","c":{"a":0,"k":[0.969000004787,0.74900004069,0.195999998205,1],"ix":4},"o":{"a":0,"k":100,"ix":5},"r":1,"bm":0,"nm":"Fill 1","mn":"ADBE Vector Graphic - Fill","hd":false},{"ty":"tr","p":{"a":0,"k":[25.292,93.599],"ix":2},"a":{"a":0,"k":[0,0],"ix":1},"s":{"a":1,"k":[{"i":{"x":[0.315,0.315],"y":[1,1]},"o":{"x":[0.27,0.27],"y":[0,0]},"t":9,"s":[0,0]},{"i":{"x":[0.73,0.73],"y":[1,1]},"o":{"x":[0.68,0.68],"y":[0,0]},"t":24,"s":[100,100]},{"t":40,"s":[0,0]}],"ix":3},"r":{"a":0,"k":0,"ix":6},"o":{"a":0,"k":100,"ix":7},"sk":{"a":0,"k":0,"ix":4},"sa":{"a":0,"k":0,"ix":5},"nm":"Transform"}],"nm":"Group 10","np":2,"cix":2,"bm":0,"ix":1,"mn":"ADBE Vector Group","hd":false}],"ip":0,"op":125,"st":0,"bm":0},{"ddd":0,"ind":13,"ty":4,"nm":"Layer 41 Outlines - Group 9","parent":1,"sr":1,"ks":{"o":{"a":0,"k":100,"ix":11},"r":{"a":0,"k":0,"ix":10},"p":{"a":0,"k":[35.008,153.292,0],"ix":2},"a":{"a":0,"k":[36.15,98.175,0],"ix":1},"s":{"a":0,"k":[216,216,100],"ix":6}},"ao":0,"shapes":[{"ty":"gr","it":[{"ind":0,"ty":"sh","ix":1,"ks":{"a":0,"k":{"i":[[1.451,0.393],[0,0],[0.368,-1.455],[-1.456,-0.37],[0,0],[-0.235,0],[-0.328,1.211]],"o":[[0,0],[-1.456,-0.368],[-0.369,1.457],[0,0],[0.238,0.065],[1.199,0],[0.394,-1.451]],"v":[[0.776,-2.465],[0.592,-2.514],[-2.713,-0.546],[-0.746,2.759],[-0.65,2.785],[0.064,2.882],[2.689,0.873]],"c":true},"ix":2},"nm":"Path 1","mn":"ADBE Vector Shape - Group","hd":false},{"ty":"fl","c":{"a":0,"k":[0.969000004787,0.74900004069,0.195999998205,1],"ix":4},"o":{"a":0,"k":100,"ix":5},"r":1,"bm":0,"nm":"Fill 1","mn":"ADBE Vector Graphic - Fill","hd":false},{"ty":"tr","p":{"a":0,"k":[36.1,98.125],"ix":2},"a":{"a":0,"k":[0,0],"ix":1},"s":{"a":1,"k":[{"i":{"x":[0.315,0.315],"y":[1,1]},"o":{"x":[0.27,0.27],"y":[0,0]},"t":11,"s":[0,0]},{"i":{"x":[0.73,0.73],"y":[1,1]},"o":{"x":[0.68,0.68],"y":[0,0]},"t":26,"s":[100,100]},{"t":42,"s":[0,0]}],"ix":3},"r":{"a":0,"k":0,"ix":6},"o":{"a":0,"k":100,"ix":7},"sk":{"a":0,"k":0,"ix":4},"sa":{"a":0,"k":0,"ix":5},"nm":"Transform"}],"nm":"Group 9","np":2,"cix":2,"bm":0,"ix":1,"mn":"ADBE Vector Group","hd":false}],"ip":0,"op":125,"st":0,"bm":0},{"ddd":0,"ind":14,"ty":4,"nm":"Layer 43 Outlines","sr":1,"ks":{"o":{"a":0,"k":100,"ix":11},"r":{"a":0,"k":0,"ix":10},"p":{"a":0,"k":[179.894,180.132,0],"ix":2},"a":{"a":0,"k":[15.082,27.502,0],"ix":1},"s":{"a":0,"k":[216,216,100],"ix":6}},"ao":0,"shapes":[{"ty":"gr","it":[{"ind":0,"ty":"sh","ix":1,"ks":{"a":0,"k":{"i":[[0.934,-1.025],[0.783,-0.255],[0,0],[-0.468,-0.532],[0,-1.786]],"o":[[-0.508,0.559],[0,0],[0.85,0.519],[0.913,1.037],[0,1.704]],"v":[[4.748,14.873],[2.798,16.08],[2.798,4.969],[4.778,6.544],[6.148,10.779]],"c":true},"ix":2},"nm":"Path 1","mn":"ADBE Vector Shape - Group","hd":false},{"ind":1,"ty":"sh","ix":2,"ks":{"a":0,"k":{"i":[[0.315,0.295],[0,1.52],[-0.924,1.099],[-0.503,0.266],[0,0]],"o":[[-1.047,-0.987],[0,-1.642],[0.378,-0.45],[0,0],[-0.449,-0.313]],"v":[[-3.736,-6.836],[-5.306,-10.594],[-3.921,-14.704],[-2.582,-15.755],[-2.582,-5.922]],"c":true},"ix":2},"nm":"Path 2","mn":"ADBE Vector Shape - Group","hd":false},{"ind":2,"ty":"sh","ix":3,"ks":{"a":0,"k":{"i":[[2.228,2.198],[3.764,1.369],[0,0],[-0.449,-0.519],[-0.14,-1.798],[-0.606,0],[0,0],[0,0],[2.649,2.463],[3.214,0.416],[0,0],[0.415,0],[0,0],[-0.008,-0.42],[0,0],[2.043,-1.781],[0,-3.674],[-2.32,-2.053],[-3.391,-1.384],[0,0],[0.519,0.561],[0.133,2.251],[0.614,0],[0,0],[0,0],[-3.018,-2.37],[-2.933,-0.449],[0,0],[-0.414,0],[0,0],[-0.008,0.408],[0,0],[-2.134,1.798],[0,3.838]],"o":[[-2.025,-1.996],[0,0],[0.615,0.295],[0.87,1.008],[0.047,0.605],[0,0],[0,0],[0.082,-4.147],[-2.078,-1.934],[0,0],[0,-0.415],[0,0],[-0.421,0],[0,0],[-2.911,0.407],[-2.648,2.309],[0,3.696],[1.885,1.669],[0,0],[-0.743,-0.306],[-0.986,-1.067],[-0.036,-0.613],[0,0],[0,0],[-0.103,4.844],[2.249,1.767],[0,0],[0,0.415],[0,0],[0.409,0],[0,0],[3.276,-0.326],[2.607,-2.196],[0,-3.717]],"v":[[11.491,1.848],[2.798,-3.198],[2.798,-15.75],[4.41,-14.549],[5.924,-10.341],[7.087,-9.269],[14.402,-9.269],[14.463,-9.453],[10.613,-19.37],[2.71,-22.881],[2.71,-26.5],[1.96,-27.252],[-1.903,-27.252],[-2.655,-26.485],[-2.582,-22.875],[-10.019,-19.601],[-13.991,-10.625],[-10.511,-2.002],[-2.582,2.576],[-2.582,15.849],[-4.491,14.567],[-6.17,9.591],[-7.335,8.498],[-14.668,8.498],[-14.73,8.685],[-10.356,19.508],[-2.582,22.831],[-2.582,26.5],[-1.832,27.252],[1.975,27.252],[2.725,26.516],[2.798,22.943],[10.923,19.771],[14.832,10.718]],"c":true},"ix":2},"nm":"Path 3","mn":"ADBE Vector Shape - Group","hd":false},{"ty":"mm","mm":1,"nm":"Merge Paths 1","mn":"ADBE Vector Filter - Merge","hd":false},{"ty":"fl","c":{"a":0,"k":[0.125,0.172999991623,0.620000023935,1],"ix":4},"o":{"a":0,"k":100,"ix":5},"r":1,"bm":0,"nm":"Fill 1","mn":"ADBE Vector Graphic - Fill","hd":false},{"ty":"tr","p":{"a":0,"k":[15.082,27.502],"ix":2},"a":{"a":0,"k":[0,0],"ix":1},"s":{"a":0,"k":[100,100],"ix":3},"r":{"a":0,"k":0,"ix":6},"o":{"a":0,"k":100,"ix":7},"sk":{"a":0,"k":0,"ix":4},"sa":{"a":0,"k":0,"ix":5},"nm":"Transform"}],"nm":"Group 1","np":5,"cix":2,"bm":0,"ix":1,"mn":"ADBE Vector Group","hd":false}],"ip":0,"op":125,"st":0,"bm":0},{"ddd":0,"ind":15,"ty":4,"nm":"Layer 44 Outlines","sr":1,"ks":{"o":{"a":0,"k":100,"ix":11},"r":{"a":0,"k":0,"ix":10},"p":{"a":0,"k":[179.999,180.133,0],"ix":2},"a":{"a":0,"k":[33.283,33.283,0],"ix":1},"s":{"a":0,"k":[216,216,100],"ix":6}},"ao":0,"shapes":[{"ty":"gr","it":[{"ind":0,"ty":"sh","ix":1,"ks":{"a":0,"k":{"i":[[0,18.244],[18.243,0],[0,-18.244],[-18.243,0]],"o":[[0,-18.244],[-18.243,0],[0,18.244],[18.243,0]],"v":[[33.033,0],[0,-33.033],[-33.033,0],[0,33.033]],"c":true},"ix":2},"nm":"Path 1","mn":"ADBE Vector Shape - Group","hd":false},{"ty":"fl","c":{"a":0,"k":[0.969000004787,0.74900004069,0.195999998205,1],"ix":4},"o":{"a":0,"k":100,"ix":5},"r":1,"bm":0,"nm":"Fill 1","mn":"ADBE Vector Graphic - Fill","hd":false},{"ty":"tr","p":{"a":0,"k":[33.283,33.283],"ix":2},"a":{"a":0,"k":[0,0],"ix":1},"s":{"a":0,"k":[100,100],"ix":3},"r":{"a":0,"k":0,"ix":6},"o":{"a":0,"k":100,"ix":7},"sk":{"a":0,"k":0,"ix":4},"sa":{"a":0,"k":0,"ix":5},"nm":"Transform"}],"nm":"Group 1","np":2,"cix":2,"bm":0,"ix":1,"mn":"ADBE Vector Group","hd":false}],"ip":0,"op":125,"st":0,"bm":0}]},{"id":"comp_1","layers":[{"ddd":0,"ind":1,"ty":4,"nm":"Layer 39 Outlines","sr":1,"ks":{"o":{"a":0,"k":100,"ix":11},"r":{"a":0,"k":0,"ix":10},"p":{"a":0,"k":[179.378,182.751,0],"ix":2},"a":{"a":0,"k":[89.724,89.724,0],"ix":1},"s":{"a":0,"k":[170,170,100],"ix":6}},"ao":0,"shapes":[{"ty":"gr","it":[{"ind":0,"ty":"sh","ix":1,"ks":{"a":0,"k":{"i":[[0,49.415],[49.415,0],[0,-49.415],[-49.415,0]],"o":[[0,-49.415],[-49.415,0],[0,49.415],[49.415,0]],"v":[[89.474,0],[0,-89.474],[-89.474,0],[0,89.474]],"c":true},"ix":2},"nm":"Path 1","mn":"ADBE Vector Shape - Group","hd":false},{"ty":"fl","c":{"a":0,"k":[0.969000004787,0.922000002394,0.842999985639,1],"ix":4},"o":{"a":0,"k":100,"ix":5},"r":1,"bm":0,"nm":"Fill 1","mn":"ADBE Vector Graphic - Fill","hd":false},{"ty":"tr","p":{"a":0,"k":[89.723,89.724],"ix":2},"a":{"a":0,"k":[0,0],"ix":1},"s":{"a":0,"k":[100,100],"ix":3},"r":{"a":0,"k":0,"ix":6},"o":{"a":0,"k":100,"ix":7},"sk":{"a":0,"k":0,"ix":4},"sa":{"a":0,"k":0,"ix":5},"nm":"Transform"}],"nm":"Group 1","np":2,"cix":2,"bm":0,"ix":1,"mn":"ADBE Vector Group","hd":false}],"ip":0,"op":86,"st":0,"bm":0}]}],"layers":[{"ddd":0,"ind":1,"ty":0,"nm":"Pre-comp 2","refId":"comp_0","sr":1,"ks":{"o":{"a":0,"k":100,"ix":11},"r":{"a":0,"k":0,"ix":10},"p":{"a":0,"k":[180,180,0],"ix":2},"a":{"a":0,"k":[180,180,0],"ix":1},"s":{"a":0,"k":[100,100,100],"ix":6}},"ao":0,"w":360,"h":360,"ip":0,"op":75,"st":0,"bm":0},{"ddd":0,"ind":2,"ty":0,"nm":"bg","refId":"comp_1","sr":1,"ks":{"o":{"a":0,"k":100,"ix":11},"r":{"a":0,"k":0,"ix":10},"p":{"a":0,"k":[180,180,0],"ix":2},"a":{"a":0,"k":[180,180,0],"ix":1},"s":{"a":0,"k":[100,100,100],"ix":6}},"ao":0,"w":360,"h":360,"ip":0,"op":75,"st":0,"bm":0}],"markers":[]}